What role are you currently working in?  ,What location is your job in?,What were the key factors that helped you secure a job in Denmark?  ,What resources or actions do you think were most beneficial for securing a job in Denmark?  ,Do you have any advice for other foreign professionals looking for a job in Denmark?  ,What is your current job status,Are you currently living in Denmark,Which city/region in Denmark are you targeting for jobs?  ,What is your higher level of education,What is your field of study,How many years of relevant work experience do you have?,Have you previously worked in Denmark?,Which roles are you applying for?,What is your preferred working model?,List your top 3 technical skills or job-relevant skills,Which programming tools are you proficient in?,How would you rate your English proficieny?,Do you speak Danish?,What is your current visa/residency status in Denmark?,How many jobs have you applied for in Denmark in the past 3 months?  ,Have you been invited for interviews in Denmark?  ,What do you think is your biggest challenge in getting a job?  
Business Analyst,Copenhagen,"Relevant skills/tech stack, Strong CV/Resume and LinkedIn profile",Network,Build your network,,,,Master's,MBA,5+ years,Yes,,Onsite,"Python, SQL, Data Visualization","Jupyter, Tableau, SQL Workbench",4,Basic only,Residence Permit,50+,Yes,
,,,,,Actively applying for Jobs,Yes,Copenhagen,Master's,MBA,5+ years,Yes,Others,Onsite,"Domain, Insurance, Guidewire",NA,5,Basic only,Residence Permit,0-11,Yes,Lack of Danish language
,,,,,Actively applying for Jobs,Yes,Copenhagen,PhD,Mathematics ,5+ years,No,Data Analyst,Hybrid,"Strong mathematics background, AI enthusiastic, quick learner",Python (basic level),5,Basic only,Residence Permit,50+,No,"Lack of Danish language, Not enough local experience, Skills mismatch"
,,,,,Not actively applying but intrested,Yes,Copenhagen,Master's,Structural Engineering & Natural Disaster Management ,1-3 years,No,Data Analyst,Hybrid,"Sql, power BI",Sql,4,Basic only,Residence Permit,0-11,No,Not enough local experience
Quality control,Copenhagen,Relevant skills/tech stack,LinkedIn ,"Talk to the recruiter before applying for a job. 
Just tell about yourself, why you are interested for particular role.",,,,Bachelor's,Business administration,5+ years,Yes,,Onsite,"Communication, Problem Solving, Adaptability",,5,Intermediate,Residence Permit,50+,Yes,
Junior Clinical data manager,Copenhagen,"Language proficiency in English, Language proficiency in Danish, Relevant skills/tech stack, Networking and connections",Applying for a job as much as possible,Keep trying...Dont give up..Time will surely come..,,,,Master's,Computer Science,1-3 years,No,,Onsite,"Python, SQL, Data Visualization","Jupyter, Tableau, SQL Workbench",5,"Yes, Conversational",Job Seeker Visa,31-50,Yes,
,,,,,Actively applying for Jobs,Yes,Copenhagen,Bachelor's,Computer Science,1-3 years,No,Data Scientist,Onsite,"Python, ML, SQL",Python,4,Not at all,Residence Permit,50+,Yes,"Not enough local experience, Skills mismatch"
,,,,,Not actively applying but intrested,Yes,Copenhagen,Master's,Biotechnology ,5+ years,No,Others,Remote,Biotechnology Microbiology Quality control ,Java ,4,"Yes, Conversational",Residence Permit,50+,No,Lack of Danish language
,,,,,Actively applying for Jobs,Yes,Copenhagen,Master's,IT,1-3 years,Yes,Software Developer,Hybrid,"Web development, mobile app development, cloud computing ","JavaScript, typescript, react, nextJS, webpack, docker, AWS, Azure, etc…",4,"Yes, Conversational",Residence Permit,31-50,No,Maybe not EU citizen (recent opinion)
,,,,,Not actively applying but intrested,Yes,Copenhagen,Bachelor's,CSE,0 years,Yes,Data Analyst,Remote,Dustribution,C program,2,Not at all,Residence Permit,0-11,No,Not enough local experience
,,,,,Actively applying for Jobs,Yes,Copenhagen,Bachelor's,Computer science ,1-3 years,No,Data Analyst,Hybrid,"Python, numpy, pandas, html, java script, React ",Python ,5,"Yes, Conversational",Residence Permit,50+,No,Not enough local experience
,,,,,Not actively applying but intrested,Yes,Copenhagen,Bachelor's,Data analytics,1-3 years,No,Data Analyst,Onsite,"Power bi , excel , sql ",Powerbi ,4,Basic only,Residence Permit,11-30,Yes,"Lack of Danish language, Not enough local experience"
,,,,,Not actively applying but intrested,Yes,Copenhagen,Master's,Sustainable energy,3-5 years,No,Others,Hybrid,"Solar power simulations, Grid analysis, electrical engineering","python, matlab",5,Not at all,Student Visa,0-11,Yes,"Lack of Danish language, Not enough local experience, Skills mismatch"
Domain Architect,Copenhagen,Previous work experience in Denmark,Connections,Build skills and connections,,,,Master's,Architecture,5+ years,Yes,,Onsite,"Communication, Problem Solving, Adaptability",,5,"Yes, Conversational",Residence Permit,31-50,Yes,
Software Developer,Hillerod,"Relevant skills/tech stack, Networking and connections",relevant skills and networking,Upskilling and consistently apply for job,,,,Master's,Computer Science,5+ years,No,,Hybrid,"JavaScript, React, Git","VS Code, GitHub, Postman",4,Intermediate,Job Seeker Visa,11-30,Yes,
QA Engineer,Copenhagen,"Language proficiency in English, Relevant skills/tech stack, Previous work experience in Denmark",Having good connections and skills. Most of the jobs openings in Denmarks are filled with referrals.,"Try to build connections and apply to as many jobs as possible. Keep the CV aligned with the job requirements. This requires you to have multiple versions of CV readily available. Also, try to talk to the recruiting manager before you apply for the job.",,,,Master's,Software Engineering,1-3 years,Yes,,Hybrid,"JavaScript, React, Git","VS Code, GitHub, Postman",4,"Yes, Conversational",Job Seeker Visa,50+,Yes,
Business Analyst,Copenhagen,"Relevant skills/tech stack, Strong CV/Resume and LinkedIn profile",Skill set,Prepare skill set,,,,Bachelor's,Business administration,1-3 years,Yes,,Onsite,"Python, SQL, Data Visualization","Jupyter, Tableau, SQL Workbench",4,Intermediate,Residence Permit,50+,Yes,
,,,,,Actively applying for Jobs,Yes,Copenhagen,Master's,geology,0 years,No,Software Developer,Hybrid,"HTML, CSS, JAVASCRIPT",VS Code,4,Basic only,Job Seeker Visa,0-11,Yes,"Lack of Danish language, Not enough local experience, Skills mismatch"
Cleaning assistance,Copenhagen,Networking and connections,Language and network,"Yes, First  you need to create a strong network and then you need to have an experienced from previous job or from your home country.",,,,Bachelor's,Theology,0 years,No,,Onsite,"Time Management, Teamwork, Adaptability",,5,Intermediate,Job Seeker Visa,50+,Yes,
Team Lead and Occupational Health and Safety Representative,Copenhagen,"Language proficiency in English, Language proficiency in Danish, Relevant skills/tech stack",No comment,Yes,,,,Bachelor's,Business administration,5+ years,Yes,,Onsite,"Communication, Problem Solving, Adaptability",,4,Basic only,Residence Permit,50+,Yes,
,,,,,Actively applying for Jobs,Yes,Copenhagen,High school ,Management ,1-3 years,Yes,Others,Hybrid,Photography ,Adobe,3,Not at all,Residence Permit,0-11,Yes,Lack of Danish language
Student assistant,Copenhagen,"Language proficiency in Danish, Strong CV/Resume and LinkedIn profile, Networking and connections",Referral,Make your network strong with language fluency,,,,Bachelor's,Anthropology,0 years,No,,Onsite,"Communication, Problem Solving, Adaptability",,4,Fluent,Student Visa,50+,Yes,
,,,,,Actively applying for Jobs,Yes,Copenhagen,Bachelor's,Business administration,1-3 years,Yes,Others,Remote,"Programming and software development, machine learning and data analysis, cloud computing  ","1. Code development and scripting, 2. Web development ",3,Not at all,Student Visa,0-11,Yes,"Not enough local experience, Skills mismatch"
kitchen helper,Copenhagen,"Language proficiency in English, Networking and connections","Talking good, have confidence, carry good charisma ",It’s welcoming country for much jobs. But you better have network and connections.,,,,High school ,Management ,1-3 years,Yes,,Onsite,"Time Management, Teamwork, Adaptability",,3,"Yes, Conversational",Job Seeker Visa,11-30,Yes,
Logistics,Copenhagen,Networking and connections,References,Have good conncetion and work on skills level,,,,Master's,Mathematics ,1-3 years,Yes,,Hybrid,"Communication, Problem Solving, Adaptability",,4,Intermediate,Residence Permit,31-50,Yes,
Data Analyst,Copenhagen,"Language proficiency in English, Networking and connections","Equal opportunities to all people living in Denmark, provide more positions in English, adopt a concept learning by doing ","If possible do internship,learn language and some skills so that you have backup for your upcoming job",,,,Master's,Data analytics,5+ years,Yes,,Hybrid,"Python, SQL, Data Visualization","Jupyter, Tableau, SQL Workbench",4,"Yes, Conversational",Job Seeker Visa,50+,Yes,
,,,,,Actively applying for Jobs,Yes,Copenhagen,Master's,IT and cognition,0 years,No,Data Analyst,Hybrid,"Data analysis, statistical methods, machine learning ","Python, R, SQL",4,Not at all,Student Visa,0-11,Yes,"Lack of Danish language, Not enough local experience, Visa issues"
Pharmacist ,Copenhagen,Networking and connections,Language and previous Danish market exposure,Learn language,,,,PhD,Pharmacy,1-3 years,Yes,,Onsite,"Communication, Problem Solving, Adaptability",,5,Fluent,Residence Permit,31-50,Yes,
Frontend Developer,Copenhagen,,,,,,,Bachelor's,Computer Science,1-3 years,Yes,,Onsite,"JavaScript, React, Typescript","JavaScript, HTML, CSS, ",5,Basic only,Residence Permit,50+,Yes,
Frontend Developer,Copenhagen,,,,,,,Master's,Software Engineering,3-5 years,Yes,,Hybrid,"JavaScript, Vue, Typescript","JavaScript, HTML, CSS",4,"Yes, Conversational",Residence Permit,31-50,Yes,
Backend Developer,Copenhagen,,,,,,,Master's,Software Engineering,5+ years,No,,Hybrid,"Java, SQL, API Development","Java, SQL, Python",5,Basic only,Residence Permit,31-50,Yes,
Backend Developer,Odense,,,,,,,Master's,Physics,5+ years,Yes,,Hybrid,"Java, SQL, API Development","Java, SQL, Python",4,"Yes, Conversational",Job Seeker Visa,50+,Yes,
Software Developer,Copenhagen,,,,,,,Master's,Computer Science,3-5 years,Yes,,Onsite,"Java, SQL, API Development","C#, Java, Python,SQL",4,Intermediate,Residence Permit,31-50,Yes,
Software Developer,Copenhagen,,,,,,,Master's,Software Development,1-3 years,Yes,,Hybrid,"C#, SQL, API Development","C#, Java, Python,SQL",5,"Yes, Conversational",Job Seeker Visa,50+,Yes,
Data Analyst,Copenhagen,,,,,,,Bachelor's,Statistics,3-5 years,No,,Onsite,"Python, SQL, Excel","SQL, Python, R",5,Basic only,Residence Permit,31-50,Yes,
Data Analyst,Copenhagen,,,,,,,Master's,Data Analytics,5+ years,Yes,,Hybrid,"Python, SQL, Excel","SQL, Python, R",4,"Yes, Conversational",Job Seeker Visa,50+,Yes,
Data Scientist,Copenhagen,,,,,,,PhD,Data Science,1-3 years,Yes,,Hybrid,"Machine Learning, Python, Data Modeling","Python, R, SQL",5,Intermediate,Residence Permit,50+,Yes,
Data Scientist,Copenhagen,,,,,,,Master's,Statistics,5+ years,Yes,,Onsite,"Machine Learning, Python, Data Modeling","Python, R, SQL",5,Fluent,Residence Permit,31-50,Yes,
Data Scientist,Copenhagen,,,,,,,Master's,Mathematics,5+ years,Yes,,Hybrid,"Machine Learning, Python, SQL","Python, R, SQL",4,Intermediate,Job Seeker Visa,50+,Yes,
UX Designer,Aarhus,,,,,,,Master's,Graphic Design,3-5 years,Yes,,Onsite,"User Research, Wireframing, Figma","HTML, CSS, Figma",5,"Yes, Conversational",Job Seeker Visa,31-50,Yes,
UX Designer,Copenhagen,,,,,,,Bachelor's,Service Design,5+ years,Yes,,Onsite,"User Research, Wireframing, Figma","HTML, CSS, Figma",5,Fluent,Residence Permit,11-30,Yes,
UI/UX Designer,Copenhagen,,,,,,,Bachelor's,Industrial Design,5+ years,Yes,,Onsite,"Prototyping, UI Design, Design Thinking","Figma, Adobe XD",5,Basic only,Residence Permit,50+,Yes,
,,,,,Actively applying for Jobs,Yes,Copenhagen,Master's,Chemistry,1-3 years,Yes,Frontend Developer,Hybrid,"HTML, CSS, JavaScript","JavaScript, HTML, CSS",4,Not at all,Residence Permit,11-30,Yes,Not enough local experience
,,,,,Not actively applying but intrested,No,Copenhagen,Bachelor's,Computer Science,0 years,No,Backend Developer,Hybrid,"Java, SQL","Java, SQL",4,Basic only,Job Seeker Visa,0-11,No,Not enough local experience
,,,,,Not actively applying but intrested,Yes,Copenhagen,Bachelor's,Electric Engineering,1-3 years,No,Software Developer,Onsite,"Java, SQL","C#, Java, Python",3,"Yes, Conversational",Student Visa,0-11,No,"Lack of Danish language, Not enough local experience, Skills mismatch"
,,,,,Actively applying for Jobs,Yes,Copenhagen,Master's,Economics,0 years,No,Data Analyst,Hybrid,"Python, Excel",Python,3,Basic only,Student Visa,11-30,No,"Lack of Danish language, Not enough local experience"
,,,,,Actively applying for Jobs,Yes,Copenhagen,PhD,Journalism,0 years,No,Data Scientist,Onsite,Python,Python,4,Basic only,Residence Permit,11-30,No,"Lack of Danish language, Not enough local experience"
,,,,,Not actively applying but intrested,Yes,Copenhagen,Master's,Philosophy,3-5 years,Yes,UX Designer,Onsite,"User Research, Wireframing",HTML,4,Not at all,Residence Permit,0-11,No,"Lack of Danish language, Not enough local experience, Skills mismatch"
,,,,,Actively applying for Jobs,No,Copenhagen,Bachelor's,Fine Arts,1-3 years,Yes,UI/UX Designer,Hybrid,"Prototyping, UI Design",,5,Not at all,Student Visa,11-30,No,"Lack of Danish language, Not enough local experience, Skills mismatch"
,,,,,Actively applying for Jobs,Yes,Copenhagen,Bachelor's,Aechitecture,0 years,No,Frontend Developer,Remote,"HTML, CSS, JavaScript","JavaScript, HTML, CSS",4,Basic only,Residence Permit,0-11,No,"Lack of Danish language, Not enough local experience, Skills mismatch"
,,,,,Actively applying for Jobs,Yes,Copenhagen,Master's,History,1-3 years,No,Backend Developer,Remote,"Java, SQL","Java, SQL",3,Not at all,Student Visa,50+,No,"Lack of Danish language, Not enough local experience, Skills mismatch"
,,,,,Actively applying for Jobs,Yes,Copenhagen,Bachelor's,Political Science,1-3 years,Yes,Software Developer,Onsite,C#,"C#, Java, Python",4,Basic only,Student Visa,31-50,Yes,Not enough local experience
,,,,,Not actively applying but intrested,Yes,Copenhagen,Master's,History,1-3 years,No,Data Analyst,Onsite,"Data Cleaning, Python","SQL, Python, R",4,"Yes, Conversational",Student Visa,0-11,No,"Not enough local experience, Skills mismatch"
,,,,,Not actively applying but intrested,Yes,Copenhagen,Bachelor's,Sociology,5+ years,No,Data Scientist,Hybrid,"Data cleaning, Data analysis",Python,3,Basic only,Residence Permit,0-11,No,"Lack of Danish language, Not enough local experience"
,,,,,Not actively applying but intrested,Yes,Copenhagen,Master's,Journalism,0 years,No,UX Designer,Hybrid,"User Research, Wireframing, Figma",Figma,4,Basic only,Residence Permit,0-11,No,"Lack of Danish language, Not enough local experience"
,,,,,Actively applying for Jobs,Yes,Copenhagen,Bachelor's,Graphic Design,1-3 years,Yes,UI/UX Designer,Remote,"Prototyping, UX Design",,4,Basic only,Job Seeker Visa,11-30,No,"Lack of Danish language, Not enough local experience"
